pollution,species
0.175762697,29
1.376778303,30
2.551042556,21
3.00027434,18
4.905623865,13
5.343305425,13
7.7,9
0.553688929,24
1.990296437,26
2.91263671,26
3.216451335,20
4.979884675,21
5.658722899,15
8.1,8
0.739569861,31
1.526934202,28
2.232122387,18
3.885288176,16
4.626505411,19
5.120968439,20
8.3,6
0.511278577,25
1.478232688,23
2.934558004,25
3.50548891,22
4.617909137,15
5.696963821,11
6.093016876,17
0.730062798,24
1.158068376,27
